検索名,選手ID,開始年度,終了年度,備考
？？？？？,P0001,,,
。☆悠紀子☆。,P0002,,,
(∵),P0003,,,
＠みち,P0004,,,
≠暴れ妖狐≠,P0005,,,
★月刃★,P0006,,,
★神威★,P0007,,,
☆けーすけ☆,P0008,,,
‪☆徳徳☆,P0009,,,
☆魔雀T塾生☆,P0010,,,
014のりたま,P0011,,,
0rb 01,P0012,,,
３１０７,P0013,,,
5296,P0014,,,
aimoni,P0015,,,
Anmi,P0016,,,
aoking,P0017,,,
Blue-K18,P0018,,,
Blush,P0019,,,
Bu Ki Chi,P0020,,,
B地区,P0021,,,
chemi,P0022,,,
dia,P0023,,,
EmperorTime,P0024,,,
flantic,P0025,,,
fut_fut_fut,P0026,,,
GOGOぺかっ,P0027,,,
HAGI,P0028,,,
Hara,P0029,,,
Hiromu,P0030,,,
inter,P0031,,,
J,P0032,,,
JILL,P0033,,,
k-k,P0034,,,
K☆O☆U,P0035,,,
ｋｅｎ@あじと,P0036,,,
KGRS,P0037,,,
Kou,P0038,,,
Lucky,P0039,,,
may,P0040,,,
miiko,P0041,,,
moka,P0042,,,
MS,P0043,,,
Mychemi,P0044,,,
nagi,P0045,,,
nana.jo,P0045,,,
nesre,P0047,,,
Nukoshi,P0048,,,
pokopoko1234,P0049,,,
PPPするぞ★,P0050,,,
Redstar,P0051,,,
rinruka,P0052,,,
ｒｒｒｒｒｒ,P0053,,,
RUM,P0054,,,
Ryuiso,P0055,,,
shige,P0056,,,
TOM,P0057,,,
TOSH,P0058,,,
uki,P0059,,,
w-baby,P0060,,,
w−baby,P0060,,,
w11ヨハン,P0062,,,
yanase@RMU,P0063,,,
YOU太郎,P0064,,,
ysk,P0065,,,
あいだなつ,P0066,,,
あすてる,P0067,,,
アスラン,P0068,,,
あばだんご,P0069,,,
アベキング,P0070,,,
いか,P0071,,,
うるる,P0072,,,
うわぁーん,P0073,,,
うわぁーん！,P0073,,,
エイデン二号機,P0075,,,
エデン,P0076,,,
えりんぼパパ,P0077,,,
えんがわ,P0078,,,
おかぴー,P0079,,,
おかめなつこ,P0080,,,
おさやスイープ,P0081,,,
おしゃる,P0082,,,
おじょう,P0083,,,
おたま♪,P0084,,,
おぼろ,P0085,,,
おむ,P0086,,,
おもも,P0087,,,
かうzじゅき,P0088,,,
カオス,P0089,,,
かじ,P0090,,,
かに,P0091,,,
かぴ,P0092,,,
カルア,P0093,,,
きさささ,P0094,,,
きめっち,P0095,,,
キラ、,P0096,,,
キレそう,P0097,,,
くすだま,P0098,,,
クピドの悪戯,P0099,,,
くまさぶろー,P0100,,,
くれば,P0101,,,
けっけ,P0102,,,
こーきゅんっ,P0103,,,
ココロん,P0104,,,
こすぎっち,P0105,,,
ご飯にバター,P0106,,,
サヴェ,P0107,,,
サヴェ松田,P0107,,,
サブ垢先輩,P0109,,,
サンタマルコ,P0110,,,
シーナー,P0111,,,
シェリさん,P0112,,,
シクラメン富男,P0113,,,
しげぞー,P0114,,,
ジャング,P0115,,,
じゅねこ,P0116,,,
しょう&るな,P0117,,,
ジョーカー,P0118,,,
しんじゃうツモ,P0119,,,
じんぱぱ,P0120,,,
すー,P0121,,,
せいたろう,P0122,,,
セシル,P0123,,,
せなmam@,P0124,,,
セリス,P0125,,,
そうまっち,P0126,,,
ソニア@SMY会,P0127,,,
ダーツー,P0128,,,
だーはら,P0129,,,
ダイゴ,P0130,,,
ダイゴ＠LA,P0130,,,
たくおっち,P0132,,,
たくぞぅ,P0133,,,
たちこま,P0134,,,
だてまきたまご,P0135,,,
チン☆パラ,P0136,,,
つかぴー,P0137,,,
ツナマヨ,P0138,,,
つよ,P0139,,,
つよ@SMY会,P0139,,,
どうみき,P0141,,,
としや,P0142,,,
どっち？弾平,P0143,,,
とと,P0144,,,
とみちよ,P0145,,,
とむとむ,P0146,,,
とらちゃん,P0147,,,
とり,P0148,,,
なおきち,P0149,,,
なおすけ,P0150,,,
ナッチー,P0151,,,
ななね,P0152,,,
なほみん,P0153,,,
ニコラス,P0154,,,
ねこます,P0155,,,
パイ乙戦士全ツ,P0156,,,
はち,P0157,,,
ハナノア,P0158,,,
はなびん,P0159,,,
ばね。,P0160,,,
バロン,P0161,,,
ひぽきよし,P0162,,,
ひろとだポン,P0163,,,
フィーレン,P0164,,,
フィクション,P0165,,,
ぶっこみ,P0166,,,
ふとふと,P0167,,,
フミオ,P0168,,,
ブリトニー,P0169,,,
ブロッケンG,P0170,,,
ブ茶ラティ,P0171,,,
ベアトリクス,P0172,,,
べびたん,P0173,,,
ベヘリット,P0174,,,
ペン,P0175,,,
ぽ　ち,P0176,,,
ぼうや,P0177,,,
ぼうや@HIVE,P0177,,,
ぽこぽこぽこり,P0179,,,
ボスゆっくん,P0180,,,
ポテト吉野,P0181,,,
ポルタ,P0182,,,
ま〜ぢゃん,P0183,,,
まーくん RMU,P0184,,,
まさるさん,P0185,,,
まつりん,P0186,,,
まびたん,P0187,,,
まぽぽ,P0188,,,
マリア-style,P0189,,,
まんまる,P0190,,,
まんまるきや,P0191,,,
みーやん19,P0192,,,
ミズゴロウ♂,P0193,,,
ミッキー柳井,P0194,,,
みや,P0195,,,
みり,P0196,,,
めいあおいトト,P0197,,,
もっこり,P0198,,,
ヤス,P0199,,,
やっちょ,P0200,,,
やまだたろう,P0201,,,
ゆう,P0202,,,
ゆうー,P0203,,,
ゆうたん,P0204,,,
ゆうやなのだ,P0205,,,
ゆき,P0206,,,
ゆっしー@,P0207,,,
ゆめみや,P0208,,,
ゆん,P0209,,,
ゆんゆん,P0210,,,
よつば@tobi,P0211,,,
よつば@tobi89,P0211,,,
リー,P0213,,,
りきまーる,P0214,,,
りゅー,P0215,,,
りょう,P0216,,,
リョータ,P0217,,,
ルイ14世,P0218,,,
るんるん,P0219,,,
レッドスター,P0220,,,
レッド総帥,P0221,,,
レレレ,P0222,,,
ロッキンポ,P0223,,,
ロンリーボーイ,P0224,,,
ワイス,P0225,,,
わたちゃん,P0226,,,
亜空間コツボー,P0227,,,
阿賀寿直,P0228,,,
安住太一,P0229,,,
一之瀬 優,P0230,,,
引き運最弱マン,P0231,,,
羽田暁音,P0232,,,
炎上!炎上!,P0233,,,
炎上！炎上！,P0233,,,
奥山瞭,P0216,,,
乙子,P0236,,,
嫁 KI CHI,P0237,,,
海賊王,P0238,,,
灰鶴,P0239,,,
葛餅,P0240,,,
喜多剛士@μ,P0241,,,
戯言遣い,P0242,,,
久田賢太,P0243,,,
久田賢太（最）,P0243,,,
仇森 龍,P0245,,,
仇森龍,P0245,,,
強欲な壺,P0247,,,
教室生 ユウ,P0248,,,
橋本るり子,P0249,,,
郷 ひろし,P0250,,,
玉緒,P0251,,,
桐生れいか,P0252,,,
銀河,P0253,,,
激昂ラージャン,P0254,,,
元教室生タク,P0255,,,
狐-style,P0256,,,
五月雨真空,P0257,,,
公務員麻雀M,P0258,,,
溝渕智也,P0259,,,
黒太郎@SMY会,P0260,,,
最後のZ戦士達,P0261,,,
桜咲ななみ,P0262,,,
三坂宏太朗@最,P0263,,,
使いの空,P0264,,,
支援紳士,P0265,,,
時々さんじょ,P0266,,,
七対子大好き,P0267,,,
樹央,P0268,,,
淳之介,P0269,,,
初日の出ソニー,P0270,,,
女帝ハンコック,P0271,,,
小四喜大好き,P0272,,,
小倉唯,P0273,,,
小麦さん,P0274,,,
小林宏康,P0275,,,
松崎真也,P0276,,,
松崎真也＠協会,P0276,,,
鞘,P0278,,,
上野あいみ,P0279,,,
深淵の独裁者,P0280,,,
神楽琴音,P0281,,,
神田大行,P0282,,,
青ヒゲ危機一髪,P0283,,,
石川安牌,P0284,,,
石川和男,P0285,,,
石川和男npm,P0285,,,
石田亮太,P0014,,,
赤哲,P0288,,,
川端由紀,P0289,,,
川端由紀　＠最,P0289,,,
全速ゆーへい,P0291,,,
捜査一課長,P0292,,,
蒼,P0293,,,
太郎,P0294,,,
打撃系ヤルカツ,P0295,,,
大佐@天極牌,P0296,,,
大明槓嶺上開花,P0297,,,
中出雄介,P0298,,,
猪突猛進男,P0299,,,
超番長ケイン,P0300,,,
長谷川,P0301,,,
店長倍損の上司,P0302,,,
田口淳之介,P0269,,,
冬のミルク,P0304,,,
桃瀬古都,P0305,,,
二階堂ゴリエ,P0306,,,
年賀状,P0307,,,
班長,P0308,,,
富士山,P0309,,,
坊や哲,P0310,,,
凡野,P0311,,,
魔王,P0312,,,
魔王光,P0313,,,
抹茶,P0314,,,
明信,P0315,,,
黙示録@SMY会,P0316,,,
優斗@SMY会,P0317,,,
悠紀子,P0318,,,
梁瀬健太郎,P0063,,,
林保徳,P0320,,,
鈴木正道,P0004,,,
零王,P0322,,,
湾奥アングラー,P0323,,,
凛々蝶,P0324,,,
匕首◆,P0325,,,
鰤トニー,P0326,,,
μゆぅちゃん,P0327,,,